,fiyat,sehir,metrekare,Bulunduğu Kat,Isıtma Tipi,Bina Yaş,Binanın Kat Sayısı
2407,1950000,antalya,48,2.0,Klimalı,0.0,5
2416,4450000,antalya,50,1.0,Kombi Doğalgaz,0.0,3
2426,209990001,antalya,210,,Klimalı,0.0,5
2436,32000002,antalya,60,2.0,Klimalı,7.0,5
2482,4640000,antalya,36,1.0,Klimalı,0.0,3
2488,3800000,antalya,36,1.0,Klimalı,0.0,4
2503,3336000,antalya,60,1.0,Klimalı,0.0,4
2505,3800000,antalya,52,1.0,Klimalı,0.0,4
2506,3250000,antalya,47,2.0,Klimalı,0.0,4
2575,1800000,antalya,58,1.0,Klimalı,0.0,4
2597,1575000,antalya,70,1.0,Klimalı,7.0,3
2610,1800000,antalya,85,1.0,Klimalı,7.0,4
2611,3000000,antalya,40,1.0,Klimalı,4.0,3
2638,4890000,antalya,60,2.0,Kombi Doğalgaz,,5
2647,7300000,antalya,110,2.0,Yerden Isıtma,0.0,3
2689,1690000,antalya,65,1.0,Klimalı,0.0,3
2696,13500000,antalya,192,2.0,Kombi Doğalgaz,7.0,4
2748,2350000,antalya,60,2.0,Klimalı,0.0,5
2789,3000000,antalya,75,1.0,Klimalı,0.0,3
2810,3650000,antalya,50,1.0,Kombi Doğalgaz,0.0,3
2826,2300000,antalya,48,2.0,Yerden Isıtma,0.0,5
2857,3750000,antalya,55,1.0,Klimalı,7.0,4
2864,2050000,antalya,55,1.0,Klimalı,0.0,5
2883,1950000,antalya,50,1.0,Klimalı,,4
2890,2475000,antalya,47,2.0,Kombi Doğalgaz,0.0,5
2891,1590000,antalya,60,,Klimalı,4.0,3
2980,2100000,antalya,55,1.0,Kombi Doğalgaz,0.0,3
2987,1720000,antalya,58,1.0,Kombi Doğalgaz,7.0,3
3004,2375000,antalya,60,1.0,Kombi Doğalgaz,0.0,4
3012,2000000,antalya,40,2.0,Klimalı,0.0,4
3013,2780000,antalya,47,1.0,Klimalı,0.0,4
3021,5500000,antalya,53,1.0,Klimalı,0.0,4
3022,1750000,antalya,60,1.0,Klimalı,0.0,4
3030,2430000,antalya,45,1.0,Klimalı,0.0,5
3033,2190000,antalya,40,1.0,Klimalı,0.0,5
3053,2200000,antalya,40,1.0,Klimalı,0.0,5
3072,2850000,antalya,60,1.0,Klimalı,0.0,3
3131,6080000,antalya,45,2.0,Yerden Isıtma,0.0,5
3133,3500000,antalya,45,1.0,Klimalı,0.0,4
3163,2500000,antalya,64,,Klimalı,0.0,5
3164,1399000,antalya,60,1.0,Klimalı,0.0,4
3177,2850000,antalya,50,1.0,Klimalı,0.0,5
3189,3200000,antalya,50,2.0,Klimalı,4.0,5
3209,2150000,antalya,55,2.0,Kombi Doğalgaz,7.0,4
3215,2950000,antalya,50,1.0,Klimalı,4.0,3
3217,4000000,antalya,60,1.0,Klimalı,0.0,4
3248,1900000,antalya,55,1.0,Klimalı,7.0,3
3314,2800000,antalya,55,2.0,Klimalı,0.0,5
3315,4750000,antalya,50,1.0,Klimalı,7.0,5
3317,19800000,antalya,365,,Klimalı,0.0,4
3328,1600000,antalya,60,1.0,Klimalı,7.0,3
3374,4960000,antalya,49,2.0,Klimalı,0.0,4
3376,7265000,antalya,65,1.0,Klimalı,,4
3408,3300000,antalya,50,,Klimalı,0.0,3
3410,5615000,antalya,60,2.0,Klimalı,4.0,4
3416,2650000,antalya,80,1.0,Klimalı,7.0,3
3436,1760000,antalya,55,1.0,Klimalı,0.0,3
3439,2150000,antalya,60,,Klimalı,0.0,5
3478,4000000,antalya,45,1.0,Klimalı,0.0,5
3486,3350000,antalya,45,1.0,Klimalı,0.0,3
3506,4450000,antalya,50,1.0,Yerden Isıtma,0.0,5
3541,1600000,antalya,60,1.0,Klimalı,7.0,3
3542,1650000,antalya,40,,Klimalı,0.0,3
3543,1450000,antalya,40,2.0,Klimalı,0.0,4
3564,4950000,antalya,85,,Yerden Isıtma,7.0,3
3575,2200000,antalya,45,1.0,Klimalı,0.0,3
3581,2500000,antalya,75,2.0,Klimalı,0.0,4
3585,25000000,antalya,450,,Yerden Isıtma,0.0,3
3600,3050000,antalya,50,2.0,Klimalı,0.0,3
3609,4250000,antalya,50,1.0,Klimalı,7.0,5
3611,3900000,antalya,50,1.0,Klimalı,7.0,5
3615,3585000,antalya,55,1.0,Klimalı,7.0,5
3620,6500000,antalya,2,2.0,Klimalı,0.0,4
3640,4425000,antalya,60,2.0,Klimalı,4.0,4
3642,22700008,antalya,75,1.0,Klimalı,4.0,4
3670,1599999,antalya,55,1.0,Klimalı,7.0,4
3678,23000004,antalya,80,1.0,Klimalı,4.0,4
3683,3250000,antalya,45,1.0,Klimalı,0.0,3
3724,1685000,antalya,60,1.0,Klimalı,7.0,3
3732,5328914,antalya,48,1.0,Kombi Doğalgaz,0.0,5
3788,1475000,antalya,55,1.0,Klimalı,,3
3795,6413318,antalya,45,1.0,Kombi Doğalgaz,0.0,4
3818,2250000,antalya,60,2.0,Klimalı,0.0,3
5667,2500000,bursa,100,2.0,Kombi Doğalgaz,0.0,4
5722,2695000,bursa,131,1.0,Yerden Isıtma,0.0,5
5779,1329000,bursa,50,1.0,Kombi Doğalgaz,7.0,4
5780,1269000,bursa,60,2.0,Kombi Doğalgaz,7.0,4
5812,1329000,bursa,65,2.0,Kombi Doğalgaz,7.0,5
5876,9750000,bursa,449,,Kombi Doğalgaz,0.0,3
5979,2150000,bursa,75,1.0,Kombi Doğalgaz,7.0,5
6017,5900000,bursa,187,1.0,Kombi Doğalgaz,7.0,5
6029,1365000,bursa,60,2.0,Kombi Doğalgaz,4.0,4
6038,1335000,bursa,55,2.0,Kombi Doğalgaz,7.0,4
6049,1020000,bursa,30,1.0,Kombi Doğalgaz,0.0,4
6122,24000000,bursa,65,,Kombi Doğalgaz,,4
6169,25000000,bursa,239,,Klimalı,4.0,4
6177,1550000,bursa,40,1.0,Yerden Isıtma,0.0,4
6210,7100000,bursa,124,,Kombi Doğalgaz,0.0,3
6225,5000000,bursa,240,,Yerden Isıtma,0.0,3
6259,2490000,bursa,70,1.0,Kombi Doğalgaz,4.0,4
6274,16400002,bursa,55,1.0,Yerden Isıtma,0.0,3
6306,1350000,bursa,58,2.0,Kombi Doğalgaz,7.0,5
6433,21000009,bursa,60,1.0,Yerden Isıtma,0.0,5
6469,1250000,canakkale,55,2.0,Kombi Doğalgaz,0.0,4
6487,1450000,canakkale,65,1.0,Kombi Doğalgaz,7.0,4
6517,1200000,canakkale,69,1.0,Kombi Doğalgaz,7.0,4
6560,1675000,canakkale,40,1.0,Kombi Doğalgaz,7.0,5
6592,1200000,canakkale,50,1.0,Kombi Doğalgaz,0.0,3
6613,1200000,canakkale,45,2.0,Kombi Doğalgaz,7.0,4
6650,1650000,canakkale,54,1.0,Kombi Doğalgaz,0.0,3
6699,1350000,canakkale,55,1.0,Kombi Doğalgaz,7.0,4
6700,1950000,canakkale,60,2.0,Kombi Doğalgaz,7.0,3
6701,1400000,canakkale,55,1.0,Kombi Doğalgaz,0.0,3
6759,2250000,canakkale,60,1.0,Kombi Doğalgaz,7.0,3
6760,1710000,canakkale,52,2.0,Kombi Doğalgaz,,3
6793,1575000,canakkale,58,1.0,Kombi Doğalgaz,7.0,4
6798,2050000,canakkale,55,1.0,Kombi Doğalgaz,0.0,4
6799,1550000,canakkale,45,1.0,Kombi Doğalgaz,0.0,3
6802,1830000,canakkale,55,2.0,Kombi Doğalgaz,0.0,3
6812,1550000,canakkale,40,1.0,Kombi Doğalgaz,0.0,3
6818,1700000,canakkale,45,1.0,Kombi Doğalgaz,7.0,4
6830,1250000,canakkale,45,2.0,Kombi Doğalgaz,0.0,4
6854,1450000,canakkale,50,,Kombi Doğalgaz,7.0,5
6860,2100000,canakkale,45,1.0,Kombi Doğalgaz,0.0,3
6929,1750000,canakkale,55,2.0,Kombi Doğalgaz,0.0,3
6996,1790000,canakkale,50,1.0,Kombi Doğalgaz,7.0,4
7013,1675000,canakkale,61,1.0,Kombi Doğalgaz,0.0,4
7016,1450000,canakkale,60,2.0,Kombi Doğalgaz,7.0,4
7020,1850000,canakkale,51,1.0,Kombi Doğalgaz,4.0,3
7061,2300000,canakkale,70,1.0,Kombi Doğalgaz,4.0,5
7084,2000000,canakkale,60,2.0,Kombi Doğalgaz,7.0,4
7096,20000002,canakkale,55,2.0,Kombi Doğalgaz,7.0,3
7102,15500003,canakkale,40,2.0,Kombi Doğalgaz,7.0,4
7103,1490000,canakkale,45,1.0,Kombi Doğalgaz,4.0,5
7110,1550000,canakkale,40,2.0,Kombi Doğalgaz,7.0,4
7145,2100000,canakkale,45,,Kombi Doğalgaz,0.0,3
7173,1550000,canakkale,50,2.0,Kombi Doğalgaz,4.0,3
7176,1390000,canakkale,40,,Kombi Doğalgaz,7.0,4
7208,1350000,canakkale,56,1.0,Kombi Doğalgaz,0.0,4
7251,1750000,canakkale,60,1.0,Kombi Doğalgaz,4.0,3
7256,1400000,canakkale,58,2.0,Kombi Doğalgaz,0.0,4
7264,1600000,canakkale,45,2.0,Kombi Doğalgaz,0.0,4
7332,900000,canakkale,40,1.0,Kombi Doğalgaz,7.0,5
7371,990000,canakkale,57,1.0,Kombi Doğalgaz,4.0,4
8081,1050000,denizli,45,1.0,Kombi Doğalgaz,7.0,4
8083,899000,denizli,55,1.0,Yerden Isıtma,0.0,3
8087,12990007,denizli,55,2.0,Yerden Isıtma,7.0,5
8096,1095000,denizli,45,1.0,Kombi Doğalgaz,7.0,3
8103,1245000,denizli,40,2.0,Kombi Doğalgaz,4.0,4
8107,1100000,denizli,45,1.0,Kombi Doğalgaz,7.0,3
8127,1050000,denizli,50,2.0,Kombi Doğalgaz,7.0,4
8129,1099000,denizli,64,,Kombi Doğalgaz,7.0,3
8130,1095000,denizli,49,1.0,Kombi Doğalgaz,7.0,3
8151,1850000,denizli,70,2.0,Yerden Isıtma,7.0,3
8169,1260000,denizli,50,2.0,Kombi Doğalgaz,4.0,4
8173,1390000,denizli,50,2.0,Yerden Isıtma,0.0,3
8189,990000,denizli,50,,Kombi Doğalgaz,7.0,3
8192,999000,denizli,50,,Kombi Doğalgaz,4.0,3
8215,1250000,denizli,55,2.0,Kombi Doğalgaz,4.0,3
8216,1099000,denizli,65,,Kombi Doğalgaz,7.0,3
8217,849000,denizli,41,1.0,Yerden Isıtma,0.0,3
8218,669000,denizli,47,,Kombi Doğalgaz,4.0,3
8231,1050000,denizli,38,1.0,Kombi Doğalgaz,,3
8235,1250000,denizli,43,1.0,Kombi Doğalgaz,4.0,4
8251,1190000,denizli,45,1.0,Kombi Doğalgaz,4.0,3
8285,1500000,denizli,42,2.0,Kombi Doğalgaz,4.0,3
8289,1200000,denizli,49,2.0,Kombi Doğalgaz,7.0,3
8296,13750000,denizli,49,,Kombi Doğalgaz,4.0,3
8305,1245000,denizli,50,2.0,Kombi Doğalgaz,4.0,4
8306,1095000,denizli,45,1.0,Kombi Doğalgaz,7.0,3
8316,1095000,denizli,45,1.0,Kombi Doğalgaz,7.0,3
8317,1245000,denizli,55,2.0,Yerden Isıtma,7.0,4
8330,825000,denizli,45,,Kombi Doğalgaz,7.0,4
8342,1200000,denizli,45,,Kombi Doğalgaz,7.0,3
8343,1149000,denizli,53,,Kombi Doğalgaz,7.0,3
8358,1400000,denizli,40,2.0,Kombi Doğalgaz,7.0,3
8362,1250000,denizli,55,2.0,Kombi Doğalgaz,4.0,5
8368,1400000,denizli,45,1.0,Kombi Doğalgaz,7.0,3
8379,1599000,denizli,90,,Yerden Isıtma,7.0,3
8385,1350000,denizli,65,,Yerden Isıtma,7.0,4
8396,1150000,denizli,40,1.0,Yerden Isıtma,7.0,3
8397,700000,denizli,35,,Kombi Doğalgaz,7.0,4
8402,1160000,denizli,45,2.0,Kombi Doğalgaz,0.0,4
8403,1099000,denizli,30,,Kombi Doğalgaz,7.0,4
8415,1550000,denizli,55,1.0,Kombi Doğalgaz,7.0,4
8416,10890005,denizli,50,1.0,Kombi Doğalgaz,7.0,3
8420,1379000,denizli,50,1.0,Yerden Isıtma,7.0,3
8421,1099000,denizli,55,,Yerden Isıtma,7.0,3
8422,849000,denizli,35,1.0,Kombi Doğalgaz,7.0,4
8436,1149000,denizli,57,1.0,Kombi Doğalgaz,7.0,3
8437,1299000,denizli,53,1.0,Kombi Doğalgaz,4.0,4
8439,749000,denizli,55,1.0,Yerden Isıtma,0.0,4
8443,1150000,denizli,40,1.0,Kombi Doğalgaz,7.0,3
8452,795000,denizli,40,1.0,Kombi Doğalgaz,7.0,3
8461,1099000,denizli,65,,Kombi Doğalgaz,7.0,3
8468,10890005,denizli,45,1.0,Kombi Doğalgaz,0.0,3
8469,1399000,denizli,55,2.0,Kombi Doğalgaz,7.0,5
8473,975000,denizli,50,1.0,Yerden Isıtma,7.0,3
8475,849000,denizli,48,1.0,Kombi Doğalgaz,4.0,4
8476,849000,denizli,42,1.0,Yerden Isıtma,7.0,4
8478,1100000,denizli,43,1.0,Kombi Doğalgaz,4.0,3
8485,1300000,denizli,40,1.0,Kombi Doğalgaz,7.0,5
8486,669000,denizli,50,,Kombi Doğalgaz,7.0,4
8490,13500000,denizli,48,2.0,Klimalı,4.0,4
8526,980000,denizli,45,,Kombi Doğalgaz,7.0,3
8563,899000,denizli,55,1.0,Kombi Doğalgaz,0.0,5
8584,750000,denizli,34,1.0,Kombi Doğalgaz,7.0,3
8585,1199000,denizli,50,1.0,Yerden Isıtma,4.0,3
8587,1290000,denizli,55,2.0,Kombi Doğalgaz,7.0,4
8591,1095000,denizli,50,2.0,Kombi Doğalgaz,7.0,3
8600,1320000,denizli,43,1.0,Kombi Doğalgaz,7.0,3
8603,1250000,denizli,45,,Yerden Isıtma,4.0,3
8604,1275000,denizli,55,2.0,Yerden Isıtma,0.0,3
8605,1330000,denizli,50,1.0,Yerden Isıtma,7.0,3
8607,1260000,denizli,50,2.0,Yerden Isıtma,7.0,3
8613,1299000,denizli,60,1.0,Yerden Isıtma,7.0,3
8617,5250000,denizli,180,,Yerden Isıtma,7.0,5
8621,1375000,denizli,54,1.0,Kombi Doğalgaz,4.0,3
8634,899000,denizli,50,2.0,Kombi Doğalgaz,0.0,4
8651,1099000,denizli,64,1.0,Yerden Isıtma,4.0,3
8653,899000,denizli,40,2.0,Kombi Doğalgaz,7.0,5
8656,1300000,denizli,55,1.0,Yerden Isıtma,4.0,3
8665,1100000,denizli,49,,Kombi Doğalgaz,4.0,4
8666,1350000,denizli,49,2.0,Kombi Doğalgaz,7.0,4
8672,2850000,denizli,50,2.0,Kombi Doğalgaz,7.0,4
8678,1090000,denizli,44,1.0,Kombi Doğalgaz,4.0,4
8692,1190000,denizli,45,1.0,Kombi Doğalgaz,4.0,3
8704,1200000,denizli,50,1.0,Yerden Isıtma,4.0,3
8716,1375000,denizli,50,1.0,Yerden Isıtma,7.0,3
8725,1400000,denizli,48,2.0,Kombi Doğalgaz,7.0,5
8736,1250000,denizli,50,2.0,Kombi Doğalgaz,4.0,4
8737,1350000,denizli,62,,Kombi Doğalgaz,7.0,4
8743,1590000,denizli,50,2.0,Kombi Doğalgaz,7.0,4
8745,1550000,denizli,45,2.0,Yerden Isıtma,4.0,4
8756,1795000,denizli,45,2.0,Yerden Isıtma,0.0,4
8758,1690000,denizli,50,2.0,Yerden Isıtma,7.0,4
8763,925000,denizli,50,,Kombi Doğalgaz,7.0,5
8768,1200000,denizli,50,2.0,Kombi Doğalgaz,4.0,4
8773,1425000,denizli,50,5.0,Yerden Isıtma,0.0,5
8774,1150000,denizli,50,2.0,Yerden Isıtma,7.0,3
8780,935000,denizli,55,1.0,Kombi Doğalgaz,7.0,3
8782,1150000,denizli,54,1.0,Kombi Doğalgaz,7.0,3
8790,1275000,denizli,60,2.0,Kombi Doğalgaz,7.0,4
8804,10750004,denizli,55,2.0,Kombi Doğalgaz,7.0,5
8805,1200000,denizli,55,1.0,Yerden Isıtma,7.0,3
8812,1150000,denizli,50,2.0,Kombi Doğalgaz,4.0,4
8817,1100000,denizli,50,2.0,Kombi Doğalgaz,7.0,5
8833,999000,denizli,54,,Kombi Doğalgaz,7.0,4
8851,14700005,denizli,65,2.0,Yerden Isıtma,7.0,4
8852,1350000,denizli,50,,Kombi Doğalgaz,0.0,3
8856,790000,denizli,67,,Yerden Isıtma,0.0,3
8885,1250000,denizli,50,1.0,Kombi Doğalgaz,7.0,4
8900,1100000,denizli,45,1.0,Kombi Doğalgaz,7.0,3
8901,720000,denizli,70,,Kombi Doğalgaz,,5
8903,10480005,denizli,50,2.0,Kombi Doğalgaz,7.0,5
8911,1150000,denizli,45,1.0,Kombi Doğalgaz,7.0,5
8916,1375000,denizli,50,1.0,Kombi Doğalgaz,7.0,3
8920,1325000,denizli,70,2.0,Kombi Doğalgaz,4.0,3
8921,1299000,denizli,68,1.0,Kombi Doğalgaz,7.0,4
8922,1250000,denizli,55,2.0,Yerden Isıtma,4.0,5
8923,1199000,denizli,48,2.0,Yerden Isıtma,7.0,3
8925,1299000,denizli,48,1.0,Yerden Isıtma,0.0,4
8926,979000,denizli,45,2.0,Kombi Doğalgaz,7.0,3
8927,839000,denizli,48,1.0,Yerden Isıtma,0.0,4
8936,1100000,denizli,55,1.0,Yerden Isıtma,7.0,3
8937,1100000,denizli,55,1.0,Yerden Isıtma,4.0,3
8940,999000,denizli,45,1.0,Kombi Doğalgaz,7.0,3
8941,1299000,denizli,60,2.0,Yerden Isıtma,7.0,4
8975,1145000,denizli,50,1.0,Kombi Doğalgaz,7.0,3
8976,1350000,denizli,55,,Kombi Doğalgaz,7.0,3
8979,1550000,denizli,45,2.0,Yerden Isıtma,0.0,3
8985,1230000,denizli,49,1.0,Kombi Doğalgaz,4.0,4
8993,699999,denizli,48,,Kombi Doğalgaz,7.0,3
9001,950000,denizli,74,2.0,Kombi Doğalgaz,0.0,3
9002,750000,denizli,39,,Kombi Doğalgaz,7.0,3
9012,1250000,denizli,60,2.0,Kombi Doğalgaz,4.0,4
9027,2150000,denizli,50,1.0,Kombi Doğalgaz,0.0,3
9029,1425000,denizli,55,1.0,Kombi Doğalgaz,7.0,4
9030,1550000,denizli,60,5.0,Kombi Doğalgaz,7.0,5
9032,74000015,denizli,34,1.0,Kombi Doğalgaz,7.0,3
9041,795000,denizli,32,1.0,Kombi Doğalgaz,4.0,4
9044,975000,denizli,47,2.0,Kombi Doğalgaz,7.0,4
9046,1090000,denizli,49,1.0,Kombi Doğalgaz,7.0,3
9049,1100000,denizli,50,2.0,Kombi Doğalgaz,7.0,5
9051,970000,denizli,43,,Kombi Doğalgaz,4.0,3
9083,1250000,denizli,95,1.0,Yerden Isıtma,0.0,3
9091,899000,denizli,45,2.0,Kombi Doğalgaz,4.0,5
9105,1255000,denizli,36,2.0,Yerden Isıtma,7.0,4
9106,1400000,denizli,40,1.0,Kombi Doğalgaz,7.0,3
9118,975000,denizli,45,2.0,Kombi Doğalgaz,7.0,4
9119,1300000,denizli,48,2.0,Kombi Doğalgaz,7.0,4
9122,1650000,denizli,43,1.0,Kombi Doğalgaz,0.0,3
9138,1650000,denizli,55,2.0,Yerden Isıtma,7.0,4
9145,1150000,denizli,40,2.0,Yerden Isıtma,4.0,3
9154,875000,denizli,54,1.0,Kombi Doğalgaz,4.0,3
9155,1150000,denizli,39,1.0,Yerden Isıtma,0.0,4
9164,12300002,denizli,64,1.0,Kombi Doğalgaz,7.0,3
9165,1375000,denizli,64,2.0,Kombi Doğalgaz,7.0,3
9167,1375000,denizli,58,2.0,Kombi Doğalgaz,,4
9170,1500000,denizli,37,1.0,Kombi Doğalgaz,0.0,3
9175,3300000,denizli,86,1.0,Kombi Doğalgaz,0.0,3
9183,1550000,denizli,42,1.0,Kombi Doğalgaz,4.0,3
9186,1199000,denizli,48,2.0,Kombi Doğalgaz,7.0,3
9187,10890005,denizli,55,1.0,Kombi Doğalgaz,0.0,3
9192,770000,denizli,30,5.0,Klimalı,7.0,5
9212,1750000,denizli,95,2.0,Kombi Doğalgaz,7.0,3
9234,1150000,denizli,60,2.0,Kombi Doğalgaz,7.0,4
9237,1150000,denizli,60,2.0,Kombi Doğalgaz,7.0,4
9242,1075000,denizli,30,2.0,Kombi Doğalgaz,7.0,3
9254,1200000,denizli,50,1.0,Kombi Doğalgaz,0.0,3
9281,1288800,denizli,50,2.0,Kombi Doğalgaz,4.0,3
9282,1310000,denizli,52,1.0,Yerden Isıtma,7.0,4
9283,1315000,denizli,56,2.0,Kombi Doğalgaz,4.0,3
9285,1300000,denizli,60,2.0,Kombi Doğalgaz,7.0,5
9290,979000,denizli,42,2.0,Kombi Doğalgaz,7.0,4
9293,975000,denizli,45,2.0,Kombi Doğalgaz,7.0,4
9296,1550000,denizli,50,1.0,Kombi Doğalgaz,4.0,3
9300,1800000,denizli,50,2.0,Kombi Doğalgaz,0.0,3
9328,1400000,denizli,45,1.0,Yerden Isıtma,0.0,3
9340,11500002,denizli,55,1.0,Yerden Isıtma,0.0,4
9351,999000,denizli,55,1.0,Yerden Isıtma,7.0,3
9360,1300000,denizli,45,2.0,Kombi Doğalgaz,4.0,3
9399,1250000011,denizli,137,,Yerden Isıtma,7.0,3
9412,1100000,denizli,55,,Kombi Doğalgaz,7.0,4
9413,1350000,denizli,60,1.0,Kombi Doğalgaz,7.0,3
9430,1250000,denizli,60,2.0,Kombi Doğalgaz,4.0,5
9439,1149000,denizli,45,2.0,Kombi Doğalgaz,7.0,3
9443,10990004,denizli,50,1.0,Kombi Doğalgaz,7.0,5
9444,1200000,denizli,45,2.0,Kombi Doğalgaz,7.0,5
9465,1390000,denizli,40,2.0,Kombi Doğalgaz,7.0,5
9478,1070000,denizli,45,1.0,Yerden Isıtma,7.0,3
9482,1159000,denizli,50,1.0,Kombi Doğalgaz,7.0,3
9486,1290000,denizli,45,1.0,Kombi Doğalgaz,7.0,4
9488,1350000,denizli,65,1.0,Kombi Doğalgaz,7.0,3
9489,1350000,denizli,65,2.0,Kombi Doğalgaz,7.0,3
9504,1125000,denizli,50,2.0,Kombi Doğalgaz,4.0,3
9505,975000,denizli,40,2.0,Kombi Doğalgaz,7.0,4
12359,8750005,eskisehir,50,1.0,Kombi Doğalgaz,7.0,3
12375,1580000,eskisehir,70,2.0,Kombi Doğalgaz,7.0,4
12377,1500000,eskisehir,55,2.0,Kombi Doğalgaz,0.0,3
12383,1300000,eskisehir,55,2.0,Kombi Doğalgaz,0.0,3
12386,1075000,eskisehir,55,1.0,Kombi Doğalgaz,7.0,4
12411,1400000,eskisehir,55,1.0,Kombi Doğalgaz,0.0,3
12413,1700000,eskisehir,60,1.0,Kombi Doğalgaz,0.0,3
12425,1350000,eskisehir,55,2.0,Kombi Doğalgaz,0.0,3
12435,1500000,eskisehir,65,1.0,Yerden Isıtma,0.0,4
12442,1650000,eskisehir,45,2.0,Kombi Doğalgaz,0.0,3
12443,1300000,eskisehir,43,1.0,Kombi Doğalgaz,7.0,4
12444,1499000,eskisehir,48,1.0,Kombi Doğalgaz,0.0,3
12464,1450000,eskisehir,55,1.0,Yerden Isıtma,0.0,4
12468,1600000,eskisehir,65,1.0,Kombi Doğalgaz,0.0,3
12471,1280000,eskisehir,45,2.0,Kombi Doğalgaz,7.0,4
12473,1175000,eskisehir,55,1.0,Kombi Doğalgaz,4.0,3
12475,1550000,eskisehir,65,2.0,Kombi Doğalgaz,0.0,3
12494,1575000,eskisehir,65,2.0,Kombi Doğalgaz,0.0,3
12499,975000,eskisehir,60,1.0,Kombi Doğalgaz,7.0,4
12511,985000,eskisehir,50,1.0,Kombi Doğalgaz,7.0,4
12513,1450000,eskisehir,60,1.0,Kombi Doğalgaz,0.0,3
12518,1550000,eskisehir,55,2.0,Kombi Doğalgaz,0.0,3
12532,1375000,eskisehir,50,1.0,Kombi Doğalgaz,0.0,3
12556,1400000,eskisehir,55,1.0,Kombi Doğalgaz,7.0,4
12560,1500000,eskisehir,65,2.0,Kombi Doğalgaz,0.0,3
12571,2350000,eskisehir,60,2.0,Kombi Doğalgaz,7.0,3
12583,1490000,eskisehir,55,1.0,Kombi Doğalgaz,0.0,3
12584,985000,eskisehir,40,2.0,Kombi Doğalgaz,7.0,4
12588,1325000,eskisehir,55,2.0,Kombi Doğalgaz,7.0,4
12601,1175000,eskisehir,55,1.0,Kombi Doğalgaz,4.0,3
12608,1560000,eskisehir,50,2.0,Kombi Doğalgaz,0.0,3
12609,1850000,eskisehir,65,1.0,Kombi Doğalgaz,7.0,3
12612,1015000,eskisehir,60,2.0,Kombi Doğalgaz,7.0,3
12622,1370000,eskisehir,70,2.0,Kombi Doğalgaz,7.0,3
12625,1650000,eskisehir,65,1.0,Yerden Isıtma,0.0,4
12630,1425000,eskisehir,55,2.0,Kombi Doğalgaz,0.0,3
12637,2500000,eskisehir,55,2.0,Yerden Isıtma,0.0,4
12640,1500000,eskisehir,65,2.0,Kombi Doğalgaz,0.0,3
12642,1250000,eskisehir,50,1.0,Kombi Doğalgaz,7.0,4
12646,1225000,eskisehir,65,1.0,Kombi Doğalgaz,7.0,3
12658,1060000,eskisehir,68,1.0,Kombi Doğalgaz,7.0,4
12659,1060000,eskisehir,68,1.0,Kombi Doğalgaz,7.0,4
12662,1075000,eskisehir,55,2.0,Kombi Doğalgaz,7.0,3
12675,1050000,eskisehir,43,2.0,Kombi Doğalgaz,4.0,4
12676,1500000,eskisehir,60,2.0,Kombi Doğalgaz,0.0,3
12696,1345000,eskisehir,60,2.0,Kombi Doğalgaz,0.0,3
12719,1525000,eskisehir,50,2.0,Kombi Doğalgaz,0.0,3
12720,1675000,eskisehir,70,2.0,Kombi Doğalgaz,0.0,3
12754,1175000,eskisehir,50,1.0,Kombi Doğalgaz,0.0,3
12764,1400000,eskisehir,55,2.0,Kombi Doğalgaz,0.0,3
12765,1650000,eskisehir,60,2.0,Yerden Isıtma,0.0,3
12775,1450000,eskisehir,50,2.0,Yerden Isıtma,0.0,3
12780,1298000,eskisehir,68,1.0,Yerden Isıtma,0.0,3
12781,11500008,eskisehir,60,1.0,Kombi Doğalgaz,,3
12786,1350000,eskisehir,50,2.0,Kombi Doğalgaz,0.0,3
12787,1250000,eskisehir,55,1.0,Yerden Isıtma,0.0,3
12800,1400000,eskisehir,60,2.0,Kombi Doğalgaz,0.0,3
12815,1350000,eskisehir,60,2.0,Kombi Doğalgaz,0.0,3
12817,1275000,eskisehir,45,1.0,Kombi Doğalgaz,7.0,3
12829,1070000,eskisehir,55,2.0,Kombi Doğalgaz,7.0,3
12831,1400000,eskisehir,65,2.0,Kombi Doğalgaz,0.0,3
12834,1500000,eskisehir,65,2.0,Kombi Doğalgaz,0.0,3
12846,1500000,eskisehir,60,1.0,Kombi Doğalgaz,0.0,4
12850,1400000,eskisehir,60,2.0,Kombi Doğalgaz,0.0,3
12856,1290000,eskisehir,70,2.0,Kombi Doğalgaz,7.0,3
12870,999999,eskisehir,45,1.0,Kombi Doğalgaz,7.0,4
12877,1350000,eskisehir,50,1.0,Yerden Isıtma,0.0,3
12883,1350000,eskisehir,55,2.0,Kombi Doğalgaz,0.0,3
12889,1250000,eskisehir,55,1.0,Kombi Doğalgaz,0.0,3
12890,1300000,eskisehir,50,2.0,Yerden Isıtma,0.0,3
12893,1400000,eskisehir,55,2.0,Yerden Isıtma,0.0,3
12904,1000000,eskisehir,45,2.0,Kombi Doğalgaz,0.0,3
12909,1320000,eskisehir,60,2.0,Kombi Doğalgaz,,3
12915,1300000,eskisehir,52,1.0,Kombi Doğalgaz,7.0,3
12939,1460000,eskisehir,65,2.0,Kombi Doğalgaz,7.0,3
12940,1249000,eskisehir,50,2.0,Kombi Doğalgaz,7.0,4
12941,1350000,eskisehir,45,1.0,Kombi Doğalgaz,0.0,5
12944,2500000,eskisehir,75,2.0,Yerden Isıtma,0.0,4
12947,1450000,eskisehir,60,2.0,Kombi Doğalgaz,0.0,3
12976,950000,eskisehir,50,1.0,Kombi Doğalgaz,0.0,3
12979,1000000,eskisehir,45,1.0,Kombi Doğalgaz,0.0,3
12980,1500000,eskisehir,45,2.0,Kombi Doğalgaz,0.0,3
13005,2000000,eskisehir,60,2.0,Kombi Doğalgaz,7.0,3
13021,1350000,eskisehir,60,1.0,Kombi Doğalgaz,7.0,3
13022,980000,eskisehir,70,2.0,Kombi Doğalgaz,7.0,3
13025,1475000,eskisehir,50,1.0,Kombi Doğalgaz,7.0,4
13044,1435000,eskisehir,55,1.0,Kombi Doğalgaz,7.0,4
13051,1175000,eskisehir,50,1.0,Kombi Doğalgaz,0.0,3
13067,6000000,eskisehir,280,,Yerden Isıtma,0.0,3
13108,1300000,eskisehir,50,2.0,Kombi Doğalgaz,0.0,3
13113,1200000,eskisehir,45,1.0,Kombi Doğalgaz,7.0,3
13119,1200000,eskisehir,50,2.0,Kombi Doğalgaz,0.0,3
13127,1250000,eskisehir,65,1.0,Kombi Doğalgaz,7.0,4
13145,1175000,eskisehir,65,1.0,Kombi Doğalgaz,7.0,4
13153,1325000,eskisehir,50,2.0,Kombi Doğalgaz,0.0,3
13173,2500000,eskisehir,55,2.0,Kombi Doğalgaz,0.0,4
13182,1350000,eskisehir,60,1.0,Kombi Doğalgaz,7.0,3
13183,1575000,eskisehir,60,2.0,Kombi Doğalgaz,0.0,3
13195,1450000,eskisehir,65,2.0,Kombi Doğalgaz,0.0,3
13210,1400000,eskisehir,45,2.0,Kombi Doğalgaz,0.0,3
13223,14000003,eskisehir,65,1.0,Kombi Doğalgaz,0.0,3
13232,1300000,eskisehir,45,2.0,Kombi Doğalgaz,0.0,3
13233,1450000,eskisehir,49,1.0,Kombi Doğalgaz,7.0,4
13253,1200000,eskisehir,50,2.0,Kombi Doğalgaz,0.0,3
13259,1750000,eskisehir,60,2.0,Kombi Doğalgaz,0.0,3
13267,1450000,eskisehir,54,2.0,Kombi Doğalgaz,0.0,3
13277,1025000,eskisehir,50,2.0,Kombi Doğalgaz,7.0,3
13307,1650000,gaziantep,115,1.0,Yerden Isıtma,0.0,4
13350,1350000,gaziantep,55,1.0,Kombi Doğalgaz,7.0,5
13374,3500000,gaziantep,115,2.0,Yerden Isıtma,0.0,4
13451,20500000,gaziantep,178,,Kombi Doğalgaz,7.0,4
13452,775000,gaziantep,65,,Kombi Doğalgaz,7.0,4
13499,3750000,gaziantep,165,2.0,Yerden Isıtma,0.0,4
13508,2100000,gaziantep,115,2.0,Yerden Isıtma,0.0,5
13532,690000,gaziantep,60,2.0,Kombi Doğalgaz,0.0,4
13577,2790000,gaziantep,150,2.0,Yerden Isıtma,0.0,5
13615,2500000,gaziantep,120,1.0,Yerden Isıtma,0.0,4
13624,2250000,gaziantep,125,1.0,Yerden Isıtma,0.0,4
13629,2750000,gaziantep,155,2.0,Yerden Isıtma,0.0,5
13676,3400000,gaziantep,110,2.0,Kombi Doğalgaz,0.0,5
13737,1400000,gaziantep,60,2.0,Kombi Doğalgaz,7.0,4
13746,1350000,gaziantep,55,5.0,Kombi Doğalgaz,4.0,5
13747,1350000,gaziantep,55,5.0,Kombi Doğalgaz,4.0,5
13829,679000,gaziantep,65,1.0,Kombi Doğalgaz,7.0,4
13840,880000,gaziantep,70,1.0,Kombi Doğalgaz,7.0,5
13850,2625000,gaziantep,125,2.0,Yerden Isıtma,0.0,5
13852,2625000,gaziantep,125,2.0,Yerden Isıtma,0.0,5
13894,1050000,gaziantep,50,2.0,Kombi Doğalgaz,7.0,5
13943,900000,gaziantep,70,1.0,Kombi Doğalgaz,4.0,4
13957,679000,gaziantep,55,1.0,Kombi Doğalgaz,7.0,4
14039,1600000,gaziantep,106,5.0,Yerden Isıtma,0.0,5
14042,25500000,gaziantep,1,,Kombi Doğalgaz,7.0,3
14066,1329000,gaziantep,50,1.0,Kombi Doğalgaz,7.0,3
14227,6500000,gaziantep,199,,Kombi Doğalgaz,7.0,4
14249,2250000,gaziantep,90,1.0,Kombi Doğalgaz,7.0,4
14342,750000,gaziantep,75,1.0,Kombi Doğalgaz,7.0,4
14363,650000,gaziantep,65,1.0,Kombi Doğalgaz,7.0,4
14386,2350000,gaziantep,115,1.0,Yerden Isıtma,0.0,4
14403,2200000,gaziantep,65,1.0,Kombi Doğalgaz,7.0,5
14407,5000000,gaziantep,155,1.0,Yerden Isıtma,0.0,5
14419,685000,gaziantep,65,,Kombi Doğalgaz,7.0,5
14446,2750000,gaziantep,135,2.0,Yerden Isıtma,0.0,5
14468,1450000,gaziantep,120,1.0,Yerden Isıtma,0.0,5
14479,2250000,gaziantep,160,2.0,Kombi Doğalgaz,0.0,5
14481,850000,gaziantep,75,,Kombi Doğalgaz,7.0,3
18225,875000,kirklareli,30,2.0,Kombi Doğalgaz,4.0,4
18243,1800000,kirklareli,52,1.0,Kombi Doğalgaz,0.0,4
18257,1250000,kirklareli,65,2.0,Kombi Doğalgaz,4.0,4
18282,850000,kirklareli,38,,Kombi Doğalgaz,7.0,5
18287,1250000,kirklareli,50,1.0,Kombi Doğalgaz,7.0,4
18299,1530000,kirklareli,65,2.0,Kombi Doğalgaz,7.0,5
18307,1300000,kirklareli,55,1.0,Kombi Doğalgaz,4.0,4
18310,1300000,kirklareli,65,1.0,Kombi Doğalgaz,7.0,4
18314,1050000,kirklareli,55,1.0,Kombi Doğalgaz,,4
18335,1750000,kirklareli,65,1.0,Kombi Doğalgaz,0.0,5
18340,1250000,kirklareli,50,1.0,Kombi Doğalgaz,7.0,4
18344,1200000,kirklareli,65,1.0,Kombi Doğalgaz,7.0,4
18359,2500000,kirklareli,55,1.0,Kombi Doğalgaz,0.0,4
18362,1850000,kirklareli,110,,Kombi Doğalgaz,7.0,4
18365,1630000,kirklareli,55,2.0,Kombi Doğalgaz,7.0,4
18380,1650000,kirklareli,50,1.0,Kombi Doğalgaz,4.0,4
18385,825000,kirklareli,40,2.0,Kombi Doğalgaz,4.0,5
18405,1100000,kirklareli,55,5.0,Kombi Doğalgaz,7.0,5
18406,850000,kirklareli,35,2.0,Kombi Doğalgaz,7.0,4
18424,1750000,kirklareli,70,5.0,Kombi Doğalgaz,0.0,5
18430,1100000,kirklareli,55,5.0,Kombi Doğalgaz,4.0,5
18436,1275000,kirklareli,55,2.0,Kombi Doğalgaz,4.0,4
18484,1300000,kirklareli,55,1.0,Kombi Doğalgaz,7.0,5
18489,1750000,kirklareli,55,2.0,Yerden Isıtma,0.0,5
18491,1200000,kirklareli,65,1.0,Kombi Doğalgaz,7.0,4
18495,1500000,kirklareli,50,1.0,Kombi Doğalgaz,7.0,4
18515,980000,kirklareli,50,2.0,Kombi Doğalgaz,7.0,4
18531,1500000,kirklareli,55,1.0,Kombi Doğalgaz,7.0,4
18533,150000014,kirklareli,65,1.0,Kombi Doğalgaz,0.0,5
18534,1600000,kirklareli,66,1.0,Kombi Doğalgaz,,5
18536,1440000,kirklareli,65,1.0,Kombi Doğalgaz,7.0,4
18538,985000,kirklareli,45,1.0,Kombi Doğalgaz,7.0,4
18570,1290000,kirklareli,50,2.0,Kombi Doğalgaz,4.0,3
18575,2250000,kirklareli,80,1.0,Kombi Doğalgaz,0.0,4
18576,15500001,kirklareli,55,1.0,Kombi Doğalgaz,0.0,4
18590,1950000,kirklareli,65,5.0,Kombi Doğalgaz,0.0,5
18595,1450000,kirklareli,45,2.0,Kombi Doğalgaz,0.0,3
18603,1550000,kirklareli,48,2.0,Kombi Doğalgaz,7.0,5
18615,1900000,kirklareli,51,,Kombi Doğalgaz,0.0,5
18632,13000004,kirklareli,100,1.0,Kombi Doğalgaz,0.0,5
18651,1750000,kirklareli,45,2.0,Kombi Doğalgaz,0.0,4
18672,13500002,kirklareli,55,1.0,Kombi Doğalgaz,7.0,5
18677,13500005,kirklareli,55,2.0,Kombi Doğalgaz,4.0,4
18689,1920000,kirklareli,75,1.0,Kombi Doğalgaz,7.0,5
18702,1350000,kirklareli,60,2.0,Kombi Doğalgaz,7.0,4
18715,14900005,kirklareli,55,1.0,Kombi Doğalgaz,0.0,4
18721,1250000,kirklareli,50,2.0,Kombi Doğalgaz,4.0,5
18728,1980000,kirklareli,65,5.0,Kombi Doğalgaz,0.0,5
18755,1200000,kirklareli,60,2.0,Kombi Doğalgaz,0.0,4
18756,20000005,kirklareli,75,2.0,Kombi Doğalgaz,7.0,5
18768,1500000,kirklareli,60,,Kombi Doğalgaz,0.0,5
18803,1100000,kirklareli,55,5.0,Kombi Doğalgaz,4.0,5
18804,1100000,kirklareli,50,1.0,Kombi Doğalgaz,7.0,4
18817,1350000,kirklareli,50,1.0,Kombi Doğalgaz,7.0,4
18839,1500000,kirklareli,45,2.0,Kombi Doğalgaz,0.0,4
18900,2100000,kocaeli,116,,Kombi Doğalgaz,0.0,4
18984,11000000,kocaeli,349,,Yerden Isıtma,0.0,4
18987,1780000,kocaeli,50,1.0,Kombi Doğalgaz,7.0,3
18989,10500000,kocaeli,449,,Kombi Doğalgaz,7.0,3
18991,1750000,kocaeli,65,1.0,Kombi Doğalgaz,4.0,3
19044,10000000,kocaeli,318,,Kombi Doğalgaz,7.0,3
19101,3150000,kocaeli,85,5.0,Kombi Doğalgaz,7.0,5
19105,1790000,kocaeli,33,5.0,Yerden Isıtma,0.0,5
19193,1725000,kocaeli,51,1.0,Kombi Doğalgaz,0.0,4
19194,1800000,kocaeli,58,2.0,Kombi Doğalgaz,0.0,4
19198,1850000,kocaeli,58,2.0,Kombi Doğalgaz,0.0,4
19217,1530000,kocaeli,45,,Kombi Doğalgaz,7.0,4
19225,1625000,kocaeli,70,,Kombi Doğalgaz,7.0,4
19236,8000000,kocaeli,749,,Kombi Doğalgaz,0.0,3
19341,1500000,kocaeli,38,2.0,Yerden Isıtma,0.0,3
19351,8000000,kocaeli,320,,Kombi Doğalgaz,7.0,3
19355,1500000,kocaeli,38,2.0,Yerden Isıtma,0.0,3
19365,1650000,kocaeli,40,1.0,Kombi Doğalgaz,0.0,5
19368,1630000,kocaeli,60,1.0,Kombi Doğalgaz,4.0,3
19393,2750000,kocaeli,120,,Kombi Doğalgaz,0.0,3
19396,1575000,kocaeli,55,1.0,Kombi Doğalgaz,7.0,5
19412,1650000,kocaeli,60,1.0,Kombi Doğalgaz,4.0,3
19451,2250000,kocaeli,50,1.0,Kombi Doğalgaz,0.0,4
19462,9900000,kocaeli,259,,Kombi Doğalgaz,7.0,5
19714,1690000,kocaeli,70,1.0,Yerden Isıtma,0.0,4
19715,1625000,kocaeli,70,2.0,Kombi Doğalgaz,4.0,3
19724,1750000,kocaeli,60,2.0,Yerden Isıtma,0.0,4
19804,2450000,kocaeli,55,1.0,Yerden Isıtma,4.0,4
19875,1750000,kocaeli,45,1.0,Kombi Doğalgaz,7.0,3
19879,30000000,kocaeli,500,,Yerden Isıtma,7.0,3
19907,11000000,kocaeli,349,,Yerden Isıtma,0.0,4
19912,1490000,kocaeli,50,1.0,Kombi Doğalgaz,7.0,3
19951,75000000,kocaeli,661,,Kombi Doğalgaz,7.0,5
19955,75000000,kocaeli,661,,Kombi Doğalgaz,7.0,5
20061,1650000,kocaeli,55,1.0,Kombi Doğalgaz,4.0,3
20077,1400000,kocaeli,60,1.0,Kombi Doğalgaz,7.0,3
20100,1550000,kocaeli,55,2.0,Kombi Doğalgaz,4.0,4
20197,3250000,kocaeli,62,2.0,Yerden Isıtma,0.0,3
